Year,Keyword,Paper Count,,,,,,
2024 ,Wellbeing ,1,9,,,,,
2024 ,Transition design ,2,8,,,,,
2024 ,Transformation ,2,7,,,,,
2024 ,Sustainability,4,38,,,,,
2024 ,Speculative design ,1,12,,,,,
2024 ,Social design ,1,8,,,,,
2024 ,Service design ,1,30,,,,,
2024 ,Participatory design ,2,34,,,,,
2024 ,Learning ,1,8,,,,,
2024 ,Interdisciplinarity+Interdisciplinary ,1,25,,,,,
2024 ,Innovation ,1,16,,,,,
2024 ,Futures ,4,8,,,,,
2024 ,Ethics ,1,8,,,,,
2024 ,Education ,1,14,,,,,
2024 ,Design ,5,67,,,,,
2024 ,Design theory ,1,8,,,,,
2024 ,Design research ,5,49,,,,,
2024 ,Design process ,2,42,,,,,
2024 ,Design practice ,2,25,,,,,
2024 ,Design methods ,2,40,,,,,
2024 ,Design Education ,1,12,,,,,
2024 ,Complexity ,1,14,,,,,
2024 ,Codesign ,1,33,,,,,
2022 ,Wellbeing ,7,9,,,,,
2022 ,Visualisation ,2,7,,,,,
2022 ,User-centered design ,2,7,,,,,
2022 ,Transition design ,2,8,,,,,
2022 ,Transformation ,3,7,,,,,
2022 ,Transdisciplinarity ,6,8,,,,,
2022 ,Sustainability,10,38,,,,,
2022 ,systemic design ,6,7,,,,,
2022 ,Speculative design ,8,12,,,,,
2022 ,Social innovation ,3,8,,,,,
2022 ,Social design ,6,8,,,,,
2022 ,Service design ,17,30,,,,,
2022 ,Research through design ,1,7,,,,,
2022 ,Research methods ,2,6,,,,,
2022 ,Reflective practice ,3,14,,,,,
2022 ,Prototyping ,3,15,,,,,
2022 ,Product design ,6,16,,,,,
2022 ,Pragmatism ,4,6,,,,,
2022 ,Practice-based research ,4,6,,,,,
2022 ,Perception ,1,8,,,,,
2022 ,Pedagogy ,3,12,,,,,
2022 ,Participatory design ,10,34,,,,,
2022 ,Participation ,5,12,,,,,
2022 ,More-than-human design ,5,6,,,,,
2022 ,Methodology ,1,10,,,,,
2022 ,Materials ,2,7,,,,,
2022 ,Materiality ,2,7,,,,,
2022 ,Legal design ,9,9,,,,,
2022 ,Interdisciplinarity+Interdisciplinary ,1,25,,,,,
2022 ,Interaction+Interaction design ,7,29,,,,,
2022 ,Innovation ,1,16,,,,,
2022 ,Industrial design ,1,40,,,,,
2022 ,Inclusive design ,9,16,,,,,
2022 ,Graphic design ,2,11,,,,,
2022 ,Futures ,2,8,,,,,
2022 ,Framing ,3,6,,,,,
2022 ,Experience+Experience design ,5,15,,,,,
2022 ,Ethics ,4,8,,,,,
2022 ,Epistemology ,4,6,,,,,
2022 ,Education ,1,14,,,,,
2022 ,Design ,15,67,,,,,
2022 ,Design tools ,3,11,,,,,
2022 ,Design thinking ,6,33,,,,,
2022 ,Design theory ,2,8,,,,,
2022 ,Design studio ,3,6,,,,,
2022 ,Design strategy ,2,6,,,,,
2022 ,Design research ,15,49,,,,,
2022 ,Design process ,3,42,,,,,
2022 ,Design practice ,4,25,,,,,
2022 ,Design pedagogy ,1,6,,,,,
2022 ,Design methods ,8,40,,,,,
2022 ,Design methods ,1,40,,,,,
2022 ,Design management ,2,15,,,,,
2022 ,Design innovation ,1,7,,,,,
2022 ,Design for policy ,7,8,,,,,
2022 ,Design for health ,4,7,,,,,
2022 ,Design education ,16,47,,,,,
2022 ,Culture ,1,8,,,,,
2022 ,Creativity ,1,24,,,,,
2022 ,Craft ,1,9,,,,,
2022 ,Covid-19 ,6,6,,,,,
2022 ,Complexity ,6,14,,,,,
2022 ,Communication ,1,12,,,,,
2022 ,Communication design ,2,6,,,,,
2022 ,Collaboration ,4,26,,,,,
2022 ,Codesign ,21,33,,,,,
2022 ,Co-creation ,3,11,,,,,
2022 ,Circular economy ,6,7,,,,,
2022 ,Children ,3,8,,,,,
2022 ,Artificial intelligence ,12,12,,,,,
2022 ,Architecture ,5,21,,,,,
2022 ,Aesthetics ,1,11,,,,,
2020 ,Transition design ,1,8,,,,,
2020 ,Transdisciplinarity ,1,8,,,,,
2020 ,Sustainability,3,38,,,,,
2020 ,Speculative design ,1,12,,,,,
2020 ,Social innovation ,1,8,,,,,
2020 ,Service design ,2,30,,,,,
2020 ,Research through design ,1,7,,,,,
2020 ,Prototyping ,1,15,,,,,
2020 ,Participatory design ,3,34,,,,,
2020 ,Participation ,1,12,,,,,
2020 ,More-than-human design ,1,6,,,,,
2020 ,Materiality ,1,7,,,,,
2020 ,Interdisciplinarity+Interdisciplinary ,5,25,,,,,
2020 ,Industrial design ,2,40,,,,,
2020 ,Graphic design ,3,11,,,,,
2020 ,Framing ,1,6,,,,,
2020 ,Ethics ,1,8,,,,,
2020 ,Design ,3,67,,,,,
2020 ,Design tools ,1,11,,,,,
2020 ,Design thinking ,3,33,,,,,
2020 ,Design strategy ,1,6,,,,,
2020 ,Design research ,7,49,,,,,
2020 ,Design process ,4,42,,,,,
2020 ,Design practice ,3,25,,,,,
2020 ,Design methods ,2,40,,,,,
2020 ,Design innovation ,2,7,,,,,
2020 ,Design education ,5,47,,,,,
2020 ,Design Education ,3,12,,,,,
2020 ,Craft ,1,9,,,,,
2020 ,Collaboration ,4,26,,,,,
2020 ,Codesign ,4,33,,,,,
2020 ,Co-creation ,2,11,,,,,
2020 ,Children ,1,8,,,,,
2020 ,Aesthetics ,1,11,,,,,
2020 ,Action research ,1,8,,,,,
2018 ,User-centered design ,1,7,,,,,
2018 ,Transition design ,3,8,,,,,
2018 ,Sustainability,3,38,,,,,
2018 ,systemic design ,1,7,,,,,
2018 ,Service design ,1,30,,,,,
2018 ,Research through design ,1,7,,,,,
2018 ,Prototyping ,1,15,,,,,
2018 ,Philosophy ,1,7,,,,,
2018 ,Participatory design ,4,34,,,,,
2018 ,Methodology ,1,10,,,,,
2018 ,Materials ,2,7,,,,,
2018 ,Materiality ,1,7,,,,,
2018 ,Interdisciplinarity+Interdisciplinary ,1,25,,,,,
2018 ,Innovation ,2,16,,,,,
2018 ,Industrial design ,1,40,,,,,
2018 ,Inclusive design ,3,16,,,,,
2018 ,Graphic design ,1,11,,,,,
2018 ,Futures ,2,8,,,,,
2018 ,Experience+Experience design ,1,15,,,,,
2018 ,Ethics ,1,8,,,,,
2018 ,Education ,2,14,,,,,
2018 ,Design ,3,67,,,,,
2018 ,Design tools ,2,11,,,,,
2018 ,Design thinking ,1,33,,,,,
2018 ,Design theory ,1,8,,,,,
2018 ,Design studio ,1,6,,,,,
2018 ,Design research ,3,49,,,,,
2018 ,Design process ,5,42,,,,,
2018 ,Design methods ,2,40,,,,,
2018 ,Design management ,2,15,,,,,
2018 ,Design history ,1,8,,,,,
2018 ,Design education ,4,47,,,,,
2018 ,Culture ,1,8,,,,,
2018 ,Creativity ,2,24,,,,,
2018 ,Craft ,1,9,,,,,
2018 ,Collaboration ,1,26,,,,,
2018 ,Codesign ,2,33,,,,,
2018 ,Co-creation ,3,11,,,,,
2018 ,Circular economy ,1,7,,,,,
2018 ,Architecture ,3,21,,,,,
2018 ,Action research ,1,8,,,,,
2016 ,Wellbeing ,1,9,,,,,
2016 ,User-centered design ,1,7,,,,,
2016 ,Sustainability,7,38,,,,,
2016 ,Speculative design ,2,12,,,,,
2016 ,Social innovation ,3,8,,,,,
2016 ,Service design ,4,30,,,,,
2016 ,Semiotics ,2,6,,,,,
2016 ,Rhetoric ,2,6,,,,,
2016 ,Prototyping ,2,15,,,,,
2016 ,Product design ,2,16,,,,,
2016 ,Pragmatism ,1,6,,,,,
2016 ,Participatory design ,3,34,,,,,
2016 ,Participation ,1,12,,,,,
2016 ,Materials ,2,7,,,,,
2016 ,Materiality ,1,7,,,,,
2016 ,Interdisciplinarity+Interdisciplinary ,2,25,,,,,
2016 ,Interaction+Interaction design ,5,29,,,,,
2016 ,Innovation ,4,16,,,,,
2016 ,Industrial design ,6,40,,,,,
2016 ,Inclusive design ,3,16,,,,,
2016 ,Epistemology ,1,6,,,,,
2016 ,Education ,3,14,,,,,
2016 ,Design ,13,67,,,,,
2016 ,Design tools ,3,11,,,,,
2016 ,Design thinking ,6,33,,,,,
2016 ,Design research ,5,49,,,,,
2016 ,Design practice ,3,25,,,,,
2016 ,Design pedagogy ,2,6,,,,,
2016 ,Design methods ,10,40,,,,,
2016 ,Design management ,8,15,,,,,
2016 ,Design innovation ,1,7,,,,,
2016 ,Design history ,1,8,,,,,
2016 ,Design for policy ,1,8,,,,,
2016 ,Design for health ,1,7,,,,,
2016 ,Design education ,7,47,,,,,
2016 ,Design Education ,1,12,,,,,
2016 ,Culture ,1,8,,,,,
2016 ,Complexity ,1,14,,,,,
2016 ,Communication design ,4,6,,,,,
2016 ,Collaboration ,3,26,,,,,
2016 ,Codesign ,2,33,,,,,
2016 ,Co-creation ,1,11,,,,,
2016 ,Architecture ,2,21,,,,,
2014 ,Visualisation ,3,7,,,,,
2014 ,Transformation ,1,7,,,,,
2014 ,Social innovation ,1,8,,,,,
2014 ,Social design ,1,8,,,,,
2014 ,Rhetoric ,1,6,,,,,
2014 ,Research through design ,2,7,,,,,
2014 ,Reflective practice ,1,14,,,,,
2014 ,Prototyping ,1,15,,,,,
2014 ,Participatory design ,1,34,,,,,
2014 ,Methodology ,2,10,,,,,
2014 ,Interdisciplinarity+Interdisciplinary ,2,25,,,,,
2014 ,Innovation ,2,16,,,,,
2014 ,Industrial design ,1,40,,,,,
2014 ,Framing ,1,6,,,,,
2014 ,Design ,2,67,,,,,
2014 ,Design thinking ,1,33,,,,,
2014 ,Design studio ,1,6,,,,,
2014 ,Design research ,1,49,,,,,
2014 ,Design process ,1,42,,,,,
2014 ,Design pedagogy ,2,6,,,,,
2014 ,Design methods ,3,40,,,,,
2014 ,Design innovation ,1,7,,,,,
2014 ,Design history ,3,8,,,,,
2014 ,Design education ,3,47,,,,,
2014 ,Design Education ,1,12,,,,,
2014 ,Culture ,1,8,,,,,
2014 ,Creativity ,3,24,,,,,
2014 ,Collaboration ,1,26,,,,,
2012 ,Visualisation ,1,7,,,,,
2012 ,User-centered design ,2,7,,,,,
2012 ,Transformation ,1,7,,,,,
2012 ,Transdisciplinarity ,1,8,,,,,
2012 ,Sustainability,3,38,,,,,
2012 ,Service design ,4,30,,,,,
2012 ,Research through design ,1,7,,,,,
2012 ,Research methods ,2,6,,,,,
2012 ,Reflective practice ,2,14,,,,,
2012 ,Prototyping ,3,15,,,,,
2012 ,Product design ,3,16,,,,,
2012 ,Pragmatism ,1,6,,,,,
2012 ,Philosophy ,1,7,,,,,
2012 ,Perception ,3,8,,,,,
2012 ,Participatory design ,3,34,,,,,
2012 ,Participation ,1,12,,,,,
2012 ,Methodology ,1,10,,,,,
2012 ,Materiality ,1,7,,,,,
2012 ,Interaction+Interaction design ,3,29,,,,,
2012 ,Innovation ,3,16,,,,,
2012 ,Industrial design ,11,40,,,,,
2012 ,Graphic design ,3,11,,,,,
2012 ,Experience+Experience design ,3,15,,,,,
2012 ,Education ,3,14,,,,,
2012 ,Design ,8,67,,,,,
2012 ,Design tools ,1,11,,,,,
2012 ,Design thinking ,10,33,,,,,
2012 ,Design theory ,1,8,,,,,
2012 ,Design studio ,1,6,,,,,
2012 ,Design strategy ,2,6,,,,,
2012 ,Design research ,5,49,,,,,
2012 ,Design process ,11,42,,,,,
2012 ,Design practice ,4,25,,,,,
2012 ,Design methods ,4,40,,,,,
2012 ,Design management ,1,15,,,,,
2012 ,Design innovation ,1,7,,,,,
2012 ,Design history ,1,8,,,,,
2012 ,Design for health ,2,7,,,,,
2012 ,Design education ,5,47,,,,,
2012 ,Design and society ,5,6,,,,,
2012 ,Culture ,2,8,,,,,
2012 ,Creativity ,7,24,,,,,
2012 ,Craft ,4,9,,,,,
2012 ,Complexity ,1,14,,,,,
2012 ,Communication ,2,12,,,,,
2012 ,Collaboration ,3,26,,,,,
2012 ,Cognition ,2,8,,,,,
2012 ,Codesign ,2,33,,,,,
2012 ,Co-creation ,2,11,,,,,
2012 ,Children ,1,8,,,,,
2012 ,Architecture ,2,21,,,,,
2012 ,Aesthetics ,3,11,,,,,
2012 ,Action research ,6,8,,,,,
2010 ,Sustainability,4,38,,,,,
2010 ,Semiotics ,2,6,,,,,
2010 ,Rhetoric ,2,6,,,,,
2010 ,Reflective practice ,6,14,,,,,
2010 ,Prototyping ,1,15,,,,,
2010 ,Philosophy ,3,7,,,,,
2010 ,Perception ,3,8,,,,,
2010 ,Pedagogy ,8,12,,,,,
2010 ,Participatory design ,6,34,,,,,
2010 ,Participation ,3,12,,,,,
2010 ,Methodology ,3,10,,,,,
2010 ,Materiality ,1,7,,,,,
2010 ,Learning ,6,8,,,,,
2010 ,Interdisciplinarity+Interdisciplinary ,8,25,,,,,
2010 ,Interaction+Interaction design ,7,29,,,,,
2010 ,Innovation ,3,16,,,,,
2010 ,Industrial design ,13,40,,,,,
2010 ,Framing ,1,6,,,,,
2010 ,Experience+Experience design ,3,15,,,,,
2010 ,Epistemology ,1,6,,,,,
2010 ,Education ,2,14,,,,,
2010 ,Design ,9,67,,,,,
2010 ,Design thinking ,5,33,,,,,
2010 ,Design research ,4,49,,,,,
2010 ,Design process ,6,42,,,,,
2010 ,Design practice ,8,25,,,,,
2010 ,Design methods ,3,40,,,,,
2010 ,Design Education ,5,12,,,,,
2010 ,Design And Society ,7,7,,,,,
2010 ,Culture ,1,8,,,,,
2010 ,Creativity ,9,24,,,,,
2010 ,Craft ,1,9,,,,,
2010 ,Complexity ,5,14,,,,,
2010 ,Communication ,3,12,,,,,
2010 ,Collaboration ,8,26,,,,,
2010 ,Cognition ,5,8,,,,,
2010 ,Children ,2,8,,,,,
2010 ,Case Study ,4,6,,,,,
2010 ,Architecture ,7,21,,,,,
2010 ,Aesthetics ,1,11,,,,,
2008 ,Sustainability,2,38,,,,,
2008 ,Service design ,1,30,,,,,
2008 ,Rhetoric ,1,6,,,,,
2008 ,Prototyping ,2,15,,,,,
2008 ,Pedagogy ,1,12,,,,,
2008 ,Methodology ,2,10,,,,,
2008 ,Materials ,1,7,,,,,
2008 ,Interaction+Interaction design ,2,29,,,,,
2008 ,Industrial design ,1,40,,,,,
2008 ,Education ,1,14,,,,,
2008 ,Design ,6,67,,,,,
2008 ,Design research ,3,49,,,,,
2008 ,Design process ,4,42,,,,,
2008 ,Design education ,1,47,,,,,
2008 ,Design Education ,1,12,,,,,
2008 ,Collaboration ,1,26,,,,,
2008 ,Cognition ,1,8,,,,,
2008 ,Case Study ,2,6,,,,,
2006 ,Visualisation ,1,7,,,,,
2006 ,User-centered design ,1,7,,,,,
2006 ,Sustainability,1,38,,,,,
2006 ,Semiotics ,2,6,,,,,
2006 ,Research through design ,1,7,,,,,
2006 ,Research methods ,2,6,,,,,
2006 ,Reflective practice ,2,14,,,,,
2006 ,Product design ,3,16,,,,,
2006 ,Practice-based research ,2,6,,,,,
2006 ,Philosophy ,2,7,,,,,
2006 ,Perception ,1,8,,,,,
2006 ,Participatory design ,1,34,,,,,
2006 ,Participation ,1,12,,,,,
2006 ,Learning ,1,8,,,,,
2006 ,Interdisciplinarity+Interdisciplinary ,5,25,,,,,
2006 ,Interaction+Interaction design ,3,29,,,,,
2006 ,Industrial design ,2,40,,,,,
2006 ,Inclusive design ,1,16,,,,,
2006 ,Graphic design ,2,11,,,,,
2006 ,Experience+Experience design ,2,15,,,,,
2006 ,Ethics ,1,8,,,,,
2006 ,Education ,1,14,,,,,
2006 ,Design ,2,67,,,,,
2006 ,Design tools ,1,11,,,,,
2006 ,Design thinking ,1,33,,,,,
2006 ,Design theory ,2,8,,,,,
2006 ,Design research ,1,49,,,,,
2006 ,Design process ,6,42,,,,,
2006 ,Design methods ,4,40,,,,,
2006 ,Design management ,1,15,,,,,
2006 ,Design innovation ,1,7,,,,,
2006 ,Design history ,2,8,,,,,
2006 ,Design education ,5,47,,,,,
2006 ,Creativity ,2,24,,,,,
2006 ,Craft ,1,9,,,,,
2006 ,Communication ,3,12,,,,,
2006 ,Codesign ,1,33,,,,,
2006 ,Children ,1,8,,,,,
2006 ,Architecture ,2,21,,,,,
2006 ,Aesthetics ,5,11,,,,,
2004 ,Sustainability,1,38,,,,,
2004 ,Prototyping ,1,15,,,,,
2004 ,Product design ,2,16,,,,,
2004 ,Participatory design ,1,34,,,,,
2004 ,Interaction+Interaction design ,2,29,,,,,
2004 ,Industrial design ,2,40,,,,,
2004 ,Experience+Experience design ,1,15,,,,,
2004 ,Design ,1,67,,,,,
2004 ,Design theory ,1,8,,,,,
2004 ,Design strategy ,1,6,,,,,
2004 ,Design practice ,1,25,,,,,
2004 ,Design pedagogy ,1,6,,,,,
2004 ,Design methods ,1,40,,,,,
2004 ,Design management ,1,15,,,,,
2004 ,Design education ,1,47,,,,,
2004 ,Culture ,1,8,,,,,
2004 ,Communication ,3,12,,,,,
2004 ,Collaboration ,1,26,,,,,
,,,,,,,,
,,,,,,,,
,,,,,,,,
,,,,,,,,
,,,,,,,,
,,,,,,,,
,,,,,,,,
,,,,,,,,
,,,,,,,,
,,,,,,,,
,,,,,,,,
,,,,,,,,
,,,,,,,,
,,,,,,,,
,,,,,,,,
,,,,,,,,
,,,,,,,,
,,,,,,,,
,,,,,,,,
,,,,,,,,
,,,,,,,,
,,,,,,,,
,,,,,,,,
,,,,,,,,
,,,,,,,,
,,,,,,,,
,,,,,,,,
,,,,,,,,
,,,,,,,,
,,,,,,,,
,,,,,,,,
,,,,,,,,
,,,,,,,,
,,,,,,,,
,,,,,,,,
,,,,,,,,
,,,,,,,,
,,,,,,,,
,,,,,,,,
,,,,,,,,
,,,,,,,,
,,,,,,,,
,,,,,,,,
,,,,,,,,
,,,,,,,,
,,,,,,,,
,,,,,,,,
,,,,,,,,
,,,,,,,,
,,,,,,,,
,,,,,,,,
,,,,,,,,
,,,,,,,,
,,,,,,,,
,,,,,,,,
,,,,,,,,
,,,,,,,,
,,,,,,,,
,,,,,,,,
,,,,,,,,